,State,Year,Beer,Wine,Spirits
0,Alabama,1977,0.99,0.13,0.84
1,Alabama,1978,0.98,0.12,0.88
2,Alabama,1979,0.98,0.12,0.84
3,Alabama,1980,0.96,0.16,0.74
4,Alabama,1981,1.0,0.19,0.73
5,Alabama,1982,1.0,0.18,0.72
6,Alabama,1983,1.01,0.17,0.71
7,Alabama,1984,1.02,0.19,0.69
8,Alabama,1985,1.06,0.17,0.67
9,Alabama,1986,1.09,0.18,0.64
10,Alabama,1987,1.1,0.18,0.61
11,Alabama,1988,1.1,0.18,0.61
12,Alabama,1989,1.1,0.17,0.6
13,Alabama,1990,1.12,0.18,0.61
14,Alabama,1991,1.0,0.17,0.59
15,Alabama,1992,1.02,0.19,0.59
16,Alabama,1993,1.14,0.17,0.56
17,Alabama,1994,1.16,0.17,0.54
18,Alabama,1995,1.14,0.15,0.53
19,Alabama,1996,1.17,0.15,0.53
20,Alabama,1997,1.14,0.15,0.52
21,Alabama,1998,1.16,0.17,0.51
22,Alabama,1999,1.18,0.17,0.51
23,Alabama,2000,1.19,0.18,0.51
24,Alabama,2001,1.16,0.17,0.53
25,Alabama,2002,1.18,0.21,0.53
26,Alabama,2003,1.18,0.19,0.52
27,Alabama,2004,1.19,0.2,0.52
28,Alabama,2005,1.18,0.2,0.53
29,Alabama,2006,1.22,0.21,0.55
30,Alabama,2007,1.24,0.22,0.56
31,Alabama,2008,1.24,0.22,0.58
32,Alabama,2009,1.2,0.22,0.58
33,Alaska,1977,1.19,0.42,1.7
34,Alaska,1978,1.39,0.45,1.68
35,Alaska,1979,1.5,0.47,1.65
36,Alaska,1980,1.55,0.5,1.7
37,Alaska,1981,1.71,0.57,1.82
38,Alaska,1982,1.75,0.56,1.74
39,Alaska,1983,1.76,0.61,1.7
40,Alaska,1984,1.73,0.58,1.56
41,Alaska,1985,1.68,0.58,1.53
42,Alaska,1986,1.68,0.56,1.27
43,Alaska,1987,1.64,0.54,1.29
44,Alaska,1988,1.6,0.49,1.23
45,Alaska,1989,1.57,0.46,1.24
46,Alaska,1990,1.62,0.46,1.25
47,Alaska,1991,1.54,0.43,1.14
48,Alaska,1992,1.53,0.41,1.08
49,Alaska,1993,1.31,0.32,0.92
50,Alaska,1994,1.53,0.4,1.1
51,Alaska,1995,1.45,0.39,1.02
52,Alaska,1996,1.31,0.38,0.94
53,Alaska,1997,1.31,0.36,0.88
54,Alaska,1998,1.37,0.39,0.98
55,Alaska,1999,1.45,0.4,0.98
56,Alaska,2000,1.35,0.37,0.92
57,Alaska,2001,1.34,0.4,0.97
58,Alaska,2002,1.36,0.43,1.08
59,Alaska,2003,1.27,0.37,0.79
60,Alaska,2004,1.32,0.45,0.96
61,Alaska,2005,1.24,0.43,0.99
62,Alaska,2006,1.24,0.46,1.02
63,Alaska,2007,1.13,0.44,1.07
64,Alaska,2008,1.2,0.49,1.09
65,Alaska,2009,1.31,0.54,1.16
66,Arizona,1977,1.7,0.34,1.05
67,Arizona,1978,1.77,0.37,1.1
68,Arizona,1979,1.86,0.39,1.17
69,Arizona,1980,1.69,0.36,0.98
70,Arizona,1981,1.78,0.42,1.01
71,Arizona,1982,1.74,0.4,0.99
72,Arizona,1983,1.62,0.44,1.0
73,Arizona,1984,1.57,0.45,1.06
74,Arizona,1985,1.67,0.46,1.0
75,Arizona,1986,1.77,0.46,0.91
76,Arizona,1987,1.67,0.46,0.86
77,Arizona,1988,1.64,0.42,0.88
78,Arizona,1989,1.68,0.36,0.85
79,Arizona,1990,1.59,0.37,0.8
80,Arizona,1991,1.58,0.35,0.78
81,Arizona,1992,1.58,0.31,0.8
82,Arizona,1993,1.58,0.27,0.76
83,Arizona,1994,1.52,0.29,0.7
84,Arizona,1995,1.47,0.29,0.68
85,Arizona,1996,1.52,0.33,0.73
86,Arizona,1997,1.45,0.31,0.68
87,Arizona,1998,1.44,0.32,0.68
88,Arizona,1999,1.47,0.34,0.69
89,Arizona,2000,1.48,0.31,0.71
90,Arizona,2001,1.47,0.33,0.7
91,Arizona,2002,1.46,0.33,0.69
92,Arizona,2003,1.41,0.37,0.71
93,Arizona,2004,1.39,0.33,0.7
94,Arizona,2005,1.33,0.39,0.74
95,Arizona,2006,1.31,0.37,0.78
96,Arizona,2007,1.36,0.33,0.76
97,Arizona,2008,1.27,0.4,0.75
98,Arizona,2009,1.19,0.38,0.74
99,Arkansas,1977,0.92,0.1,0.63
100,Arkansas,1978,0.97,0.11,0.73
101,Arkansas,1979,0.93,0.1,0.57
102,Arkansas,1980,1.0,0.12,0.69
103,Arkansas,1981,1.06,0.12,0.68
104,Arkansas,1982,1.03,0.12,0.63
105,Arkansas,1983,1.03,0.13,0.63
106,Arkansas,1984,1.02,0.12,0.64
107,Arkansas,1985,1.03,0.13,0.58
108,Arkansas,1986,1.06,0.09,0.48
109,Arkansas,1987,1.08,0.11,0.53
110,Arkansas,1988,1.07,0.14,0.53
111,Arkansas,1989,1.08,0.13,0.57
112,Arkansas,1990,1.12,0.13,0.61
113,Arkansas,1991,1.12,0.11,0.58
114,Arkansas,1992,1.13,0.12,0.65
115,Arkansas,1993,1.1,0.11,0.58
116,Arkansas,1994,1.06,0.13,0.46
117,Arkansas,1995,1.08,0.12,0.51
118,Arkansas,1996,1.1,0.12,0.53
119,Arkansas,1997,1.08,0.12,0.52
120,Arkansas,1998,1.1,0.11,0.51
121,Arkansas,1999,1.09,0.12,0.54
122,Arkansas,2000,1.09,0.12,0.53
123,Arkansas,2001,1.06,0.13,0.53
124,Arkansas,2002,1.07,0.14,0.53
125,Arkansas,2003,1.06,0.14,0.56
126,Arkansas,2004,1.07,0.15,0.58
127,Arkansas,2005,1.05,0.16,0.58
128,Arkansas,2006,1.07,0.17,0.59
129,Arkansas,2007,1.07,0.17,0.6
130,Arkansas,2008,1.11,0.17,0.6
131,Arkansas,2009,1.07,0.17,0.6
132,California,1977,1.31,0.67,1.28
133,California,1978,1.36,0.68,1.32
134,California,1979,1.42,0.7,1.28
135,California,1980,1.42,0.71,1.25
136,California,1981,1.43,0.72,1.21
137,California,1982,1.37,0.72,1.14
138,California,1983,1.37,0.75,1.11
139,California,1984,1.38,0.74,1.07
140,California,1985,1.32,0.78,1.02
141,California,1986,1.36,0.79,0.96
142,California,1987,1.36,0.74,0.93
143,California,1988,1.34,0.68,0.89
144,California,1989,1.31,0.61,0.87
145,California,1990,1.32,0.59,0.87
146,California,1991,1.22,0.49,0.75
147,California,1992,1.28,0.51,0.75
148,California,1993,1.17,0.48,0.69
149,California,1994,1.09,0.47,0.68
150,California,1995,1.14,0.45,0.64
151,California,1996,1.11,0.49,0.64
152,California,1997,1.12,0.5,0.62
153,California,1998,1.1,0.45,0.61
154,California,1999,1.1,0.46,0.62
155,California,2000,1.07,0.48,0.64
156,California,2001,1.08,0.48,0.64
157,California,2002,1.07,0.49,0.63
158,California,2003,1.06,0.5,0.65
159,California,2004,1.06,0.51,0.67
160,California,2005,1.02,0.53,0.68
161,California,2006,1.05,0.54,0.7
162,California,2007,1.07,0.55,0.72
163,California,2008,1.07,0.55,0.72
164,California,2009,1.05,0.55,0.73
165,Colorado,1977,1.43,0.36,1.22
166,Colorado,1978,1.64,0.47,1.43
167,Colorado,1979,1.68,0.47,1.37
168,Colorado,1980,1.57,0.47,1.31
169,Colorado,1981,1.63,0.44,1.26
170,Colorado,1982,1.64,0.46,1.18
171,Colorado,1983,1.57,0.46,1.12
172,Colorado,1984,1.51,0.46,1.12
173,Colorado,1985,1.47,0.5,1.18
174,Colorado,1986,1.47,0.46,0.94
175,Colorado,1987,1.43,0.44,0.93
176,Colorado,1988,1.42,0.39,0.91
177,Colorado,1989,1.4,0.37,0.84
178,Colorado,1990,1.35,0.29,0.75
179,Colorado,1991,1.39,0.35,0.87
180,Colorado,1992,1.34,0.36,0.81
181,Colorado,1993,1.4,0.36,0.86
182,Colorado,1994,1.36,0.35,0.84
183,Colorado,1995,1.34,0.35,0.78
184,Colorado,1996,1.36,0.37,0.84
185,Colorado,1997,1.3,0.37,0.81
186,Colorado,1998,1.33,0.37,0.83
187,Colorado,1999,1.33,0.37,0.75
188,Colorado,2000,1.35,0.37,0.89
189,Colorado,2001,1.42,0.41,0.96
190,Colorado,2002,1.35,0.39,0.9
191,Colorado,2003,1.34,0.4,0.87
192,Colorado,2004,1.3,0.43,0.95
193,Colorado,2005,1.3,0.41,0.99
194,Colorado,2006,1.27,0.45,0.97
195,Colorado,2007,1.29,0.47,1.0
196,Colorado,2008,1.27,0.46,1.01
197,Colorado,2009,1.22,0.46,1.0
198,Connecticut,1977,1.05,0.35,1.21
199,Connecticut,1978,1.07,0.38,1.2
200,Connecticut,1979,1.13,0.4,1.2
201,Connecticut,1980,1.06,0.43,1.21
202,Connecticut,1981,1.05,0.44,1.18
203,Connecticut,1982,1.04,0.49,1.2
204,Connecticut,1983,1.1,0.49,1.23
205,Connecticut,1984,1.1,0.5,1.2
206,Connecticut,1985,1.14,0.5,1.2
207,Connecticut,1986,1.13,0.51,1.15
208,Connecticut,1987,1.15,0.52,1.12
209,Connecticut,1988,1.14,0.51,1.07
210,Connecticut,1989,1.09,0.47,0.98
211,Connecticut,1990,1.09,0.45,0.92
212,Connecticut,1991,1.03,0.43,0.84
213,Connecticut,1992,1.01,0.45,0.83
214,Connecticut,1993,0.96,0.44,0.8
215,Connecticut,1994,0.99,0.43,0.78
216,Connecticut,1995,0.97,0.49,0.77
217,Connecticut,1996,0.94,0.46,0.72
218,Connecticut,1997,0.95,0.48,0.74
219,Connecticut,1998,0.96,0.48,0.74
220,Connecticut,1999,0.94,0.49,0.75
221,Connecticut,2000,0.94,0.49,0.74
222,Connecticut,2001,0.95,0.5,0.74
223,Connecticut,2002,0.95,0.5,0.74
224,Connecticut,2003,0.93,0.52,0.77
225,Connecticut,2004,0.92,0.53,0.79
226,Connecticut,2005,0.9,0.54,0.79
227,Connecticut,2006,0.93,0.55,0.84
228,Connecticut,2007,0.93,0.58,0.85
229,Connecticut,2008,0.94,0.59,0.86
230,Connecticut,2009,0.89,0.59,0.86
231,Delaware,1977,1.32,0.24,1.35
232,Delaware,1978,1.33,0.25,1.33
233,Delaware,1979,1.38,0.27,1.34
234,Delaware,1980,1.45,0.29,1.38
235,Delaware,1981,1.51,0.32,1.39
236,Delaware,1982,1.53,0.34,1.36
237,Delaware,1983,1.53,0.35,1.34
238,Delaware,1984,1.51,0.38,1.28
239,Delaware,1985,1.46,0.41,1.3
240,Delaware,1986,1.45,0.44,1.23
241,Delaware,1987,1.44,0.42,1.22
242,Delaware,1988,1.44,0.4,1.19
243,Delaware,1989,1.4,0.38,1.13
244,Delaware,1990,1.44,0.37,1.14
245,Delaware,1991,1.4,0.35,0.95
246,Delaware,1992,1.4,0.36,0.97
247,Delaware,1993,1.46,0.35,0.95
248,Delaware,1994,1.43,0.38,0.95
249,Delaware,1995,1.3,0.4,0.92
250,Delaware,1996,1.39,0.45,0.94
251,Delaware,1997,1.37,0.46,0.99
252,Delaware,1998,1.36,0.47,0.98
253,Delaware,1999,1.4,0.48,1.03
254,Delaware,2000,1.36,0.48,1.05
255,Delaware,2001,1.38,0.49,1.06
256,Delaware,2002,1.39,0.52,1.1
257,Delaware,2003,1.37,0.56,1.17
258,Delaware,2004,1.41,0.57,1.28
259,Delaware,2005,1.43,0.59,1.25
260,Delaware,2006,1.43,0.6,1.28
261,Delaware,2007,1.39,0.59,1.25
262,Delaware,2008,1.36,0.58,1.25
263,Delaware,2009,1.31,0.57,1.25
264,District of Columbia,1977,1.39,0.89,3.26
265,District of Columbia,1978,1.43,0.94,3.14
266,District of Columbia,1979,1.48,0.99,3.03
267,District of Columbia,1980,1.49,0.99,2.94
268,District of Columbia,1981,1.5,1.06,2.92
269,District of Columbia,1982,1.48,1.0,2.91
270,District of Columbia,1983,1.55,1.08,2.79
271,District of Columbia,1984,1.56,1.11,2.68
272,District of Columbia,1985,1.49,1.03,2.42
273,District of Columbia,1986,1.52,1.04,2.19
274,District of Columbia,1987,1.48,1.0,2.37
275,District of Columbia,1988,1.47,0.99,2.02
276,District of Columbia,1989,1.49,0.88,1.85
277,District of Columbia,1990,1.42,0.76,1.96
278,District of Columbia,1991,1.42,0.61,1.85
279,District of Columbia,1992,1.61,0.7,1.74
280,District of Columbia,1993,1.51,0.73,1.54
281,District of Columbia,1994,1.5,0.74,1.52
282,District of Columbia,1995,1.51,0.72,1.52
283,District of Columbia,1996,1.42,0.74,1.47
284,District of Columbia,1997,1.4,0.74,1.61
285,District of Columbia,1998,1.37,0.73,1.44
286,District of Columbia,1999,1.37,0.73,1.35
287,District of Columbia,2000,1.35,0.7,1.48
288,District of Columbia,2001,1.33,0.82,1.46
289,District of Columbia,2002,1.36,0.84,1.47
290,District of Columbia,2003,1.4,0.9,1.54
291,District of Columbia,2004,1.41,0.94,1.57
292,District of Columbia,2005,1.38,0.92,1.53
293,District of Columbia,2006,1.36,0.95,1.58
294,District of Columbia,2007,1.35,0.99,1.61
295,District of Columbia,2008,1.34,1.0,1.63
296,District of Columbia,2009,1.26,1.0,1.64
297,Florida,1977,1.33,0.33,1.47
298,Florida,1978,1.41,0.34,1.48
299,Florida,1979,1.47,0.37,1.51
300,Florida,1980,1.42,0.37,1.43
301,Florida,1981,1.55,0.39,1.38
302,Florida,1982,1.56,0.4,1.33
303,Florida,1983,1.56,0.4,1.23
304,Florida,1984,1.48,0.4,1.24
305,Florida,1985,1.47,0.41,1.16
306,Florida,1986,1.5,0.41,1.05
307,Florida,1987,1.51,0.42,1.03
308,Florida,1988,1.51,0.41,1.0
309,Florida,1989,1.51,0.39,1.0
310,Florida,1990,1.54,0.39,1.04
311,Florida,1991,1.43,0.34,0.92
312,Florida,1992,1.45,0.34,0.96
313,Florida,1993,1.44,0.33,0.92
314,Florida,1994,1.4,0.33,0.87
315,Florida,1995,1.34,0.35,0.82
316,Florida,1996,1.36,0.37,0.81
317,Florida,1997,1.34,0.37,0.8
318,Florida,1998,1.3,0.38,0.79
319,Florida,1999,1.33,0.4,0.8
320,Florida,2000,1.32,0.4,0.82
321,Florida,2001,1.33,0.4,0.82
322,Florida,2002,1.32,0.43,0.84
323,Florida,2003,1.32,0.44,0.86
324,Florida,2004,1.35,0.46,0.89
325,Florida,2005,1.34,0.47,0.91
326,Florida,2006,1.33,0.48,0.92
327,Florida,2007,1.3,0.49,0.93
328,Florida,2008,1.25,0.49,0.9
329,Florida,2009,1.21,0.48,0.92
330,Georgia,1977,1.08,0.16,1.23
331,Georgia,1978,1.14,0.19,1.26
332,Georgia,1979,1.17,0.19,1.22
333,Georgia,1980,1.07,0.19,1.09
334,Georgia,1981,1.1,0.18,1.09
335,Georgia,1982,1.12,0.21,1.04
336,Georgia,1983,1.14,0.22,1.05
337,Georgia,1984,1.18,0.23,1.06
338,Georgia,1985,1.17,0.25,1.01
339,Georgia,1986,1.22,0.27,0.95
340,Georgia,1987,1.22,0.27,1.0
341,Georgia,1988,1.22,0.26,0.92
342,Georgia,1989,1.18,0.24,0.94
343,Georgia,1990,1.22,0.23,0.86
344,Georgia,1991,1.16,0.22,0.78
345,Georgia,1992,1.22,0.21,0.79
346,Georgia,1993,1.23,0.2,0.77
347,Georgia,1994,1.17,0.2,0.77
348,Georgia,1995,1.2,0.22,0.71
349,Georgia,1996,1.22,0.24,0.7
350,Georgia,1997,1.19,0.25,0.7
351,Georgia,1998,1.21,0.24,0.7
352,Georgia,1999,1.23,0.27,0.69
353,Georgia,2000,1.22,0.26,0.69
354,Georgia,2001,1.19,0.26,0.65
355,Georgia,2002,1.2,0.26,0.65
356,Georgia,2003,1.19,0.26,0.66
357,Georgia,2004,1.17,0.26,0.63
358,Georgia,2005,1.13,0.26,0.63
359,Georgia,2006,1.17,0.26,0.64
360,Georgia,2007,1.16,0.26,0.64
361,Georgia,2008,1.13,0.25,0.64
362,Georgia,2009,1.08,0.25,0.64
363,Hawaii,1977,1.61,0.36,1.26
364,Hawaii,1978,1.38,0.46,1.3
365,Hawaii,1979,1.6,0.44,1.28
366,Hawaii,1980,1.65,0.46,1.21
367,Hawaii,1981,1.74,0.44,1.16
368,Hawaii,1982,1.8,0.48,1.14
369,Hawaii,1983,1.87,0.44,1.12
370,Hawaii,1984,1.65,0.41,0.91
371,Hawaii,1985,1.59,0.41,0.88
372,Hawaii,1986,1.6,0.44,0.85
373,Hawaii,1987,1.57,0.4,0.76
374,Hawaii,1988,1.62,0.45,0.79
375,Hawaii,1989,1.54,0.43,0.79
376,Hawaii,1990,1.64,0.4,0.79
377,Hawaii,1991,1.57,0.4,0.7
378,Hawaii,1992,1.55,0.39,0.69
379,Hawaii,1993,1.49,0.37,0.65
380,Hawaii,1994,1.46,0.38,0.62
381,Hawaii,1995,1.41,0.34,0.57
382,Hawaii,1996,1.4,0.36,0.58
383,Hawaii,1997,1.37,0.37,0.56
384,Hawaii,1998,1.32,0.37,0.54
385,Hawaii,1999,1.31,0.39,0.56
386,Hawaii,2000,1.33,0.39,0.6
387,Hawaii,2001,1.3,0.38,0.6
388,Hawaii,2002,1.27,0.39,0.62
389,Hawaii,2003,1.3,0.42,0.67
390,Hawaii,2004,1.39,0.49,0.68
391,Hawaii,2005,1.32,0.46,0.74
392,Hawaii,2006,1.3,0.48,0.78
393,Hawaii,2007,1.34,0.49,0.8
394,Hawaii,2008,1.35,0.52,0.74
395,Hawaii,2009,1.3,0.53,0.75
396,Idaho,1977,1.5,0.22,0.79
397,Idaho,1978,1.5,0.26,0.8
398,Idaho,1979,1.55,0.27,0.84
399,Idaho,1980,1.53,0.3,0.77
400,Idaho,1981,1.54,0.33,0.83
401,Idaho,1982,1.47,0.31,0.81
402,Idaho,1983,1.44,0.3,0.76
403,Idaho,1984,1.4,0.31,0.72
404,Idaho,1985,1.35,0.36,0.71
405,Idaho,1986,1.34,0.38,0.61
406,Idaho,1987,1.31,0.38,0.58
407,Idaho,1988,1.25,0.36,0.58
408,Idaho,1989,1.23,0.3,0.56
409,Idaho,1990,1.36,0.33,0.58
410,Idaho,1991,1.31,0.32,0.56
411,Idaho,1992,1.32,0.31,0.57
412,Idaho,1993,1.26,0.29,0.55
413,Idaho,1994,1.24,0.35,0.53
414,Idaho,1995,1.15,0.3,0.53
415,Idaho,1996,1.18,0.3,0.51
416,Idaho,1997,1.14,0.36,0.5
417,Idaho,1998,1.15,0.59,0.51
418,Idaho,1999,1.17,0.68,0.52
419,Idaho,2000,1.16,0.65,0.51
420,Idaho,2001,1.14,0.63,0.53
421,Idaho,2002,1.16,0.64,0.53
422,Idaho,2003,1.14,0.64,0.54
423,Idaho,2004,1.12,0.71,0.57
424,Idaho,2005,1.1,0.73,0.61
425,Idaho,2006,1.14,0.74,0.65
426,Idaho,2007,1.18,0.74,0.67
427,Idaho,2008,1.15,0.81,0.69
428,Idaho,2009,1.05,0.92,0.7
429,Illinois,1977,1.35,0.3,1.22
430,Illinois,1978,1.38,0.31,1.19
431,Illinois,1979,1.45,0.33,1.17
432,Illinois,1980,1.43,0.33,1.24
433,Illinois,1981,1.43,0.35,1.12
434,Illinois,1982,1.41,0.35,1.06
435,Illinois,1983,1.42,0.35,1.03
436,Illinois,1984,1.4,0.37,1.01
437,Illinois,1985,1.38,0.37,0.98
438,Illinois,1986,1.4,0.39,0.9
439,Illinois,1987,1.41,0.39,0.87
440,Illinois,1988,1.42,0.37,0.85
441,Illinois,1989,1.38,0.35,0.82
442,Illinois,1990,1.43,0.36,0.82
443,Illinois,1991,1.38,0.34,0.76
444,Illinois,1992,1.34,0.35,0.74
445,Illinois,1993,1.32,0.34,0.72
446,Illinois,1994,1.32,0.34,0.69
447,Illinois,1995,1.3,0.33,0.66
448,Illinois,1996,1.27,0.35,0.68
449,Illinois,1997,1.26,0.35,0.65
450,Illinois,1998,1.28,0.34,0.64
451,Illinois,1999,1.29,0.33,0.66
452,Illinois,2000,1.28,0.32,0.63
453,Illinois,2001,1.27,0.32,0.68
454,Illinois,2002,1.27,0.33,0.65
455,Illinois,2003,1.25,0.35,0.74
456,Illinois,2004,1.22,0.31,0.67
457,Illinois,2005,1.22,0.34,0.7
458,Illinois,2006,1.23,0.37,0.73
459,Illinois,2007,1.22,0.41,0.73
460,Illinois,2008,1.21,0.38,0.73
461,Illinois,2009,1.22,0.39,0.73
462,Indiana,1977,1.14,0.14,0.77
463,Indiana,1978,1.19,0.16,0.79
464,Indiana,1979,1.23,0.15,0.79
465,Indiana,1980,1.26,0.17,0.77
466,Indiana,1981,1.29,0.18,0.78
467,Indiana,1982,1.29,0.18,0.76
468,Indiana,1983,1.27,0.19,0.73
469,Indiana,1984,1.26,0.21,0.72
470,Indiana,1985,1.25,0.22,0.72
471,Indiana,1986,1.25,0.23,0.67
472,Indiana,1987,1.24,0.22,0.67
473,Indiana,1988,1.23,0.21,0.66
474,Indiana,1989,1.21,0.19,0.63
475,Indiana,1990,1.26,0.2,0.63
476,Indiana,1991,1.22,0.19,0.6
477,Indiana,1992,1.16,0.2,0.58
478,Indiana,1993,1.15,0.19,0.64
479,Indiana,1994,1.15,0.2,0.59
480,Indiana,1995,1.12,0.21,0.58
481,Indiana,1996,1.13,0.19,0.57
482,Indiana,1997,1.12,0.19,0.59
483,Indiana,1998,1.14,0.19,0.58
484,Indiana,1999,1.16,0.19,0.59
485,Indiana,2000,1.16,0.21,0.61
486,Indiana,2001,1.15,0.2,0.62
487,Indiana,2002,1.13,0.2,0.6
488,Indiana,2003,1.11,0.21,0.64
489,Indiana,2004,1.14,0.22,0.66
490,Indiana,2005,1.11,0.22,0.68
491,Indiana,2006,1.1,0.25,0.66
492,Indiana,2007,1.14,0.24,0.72
493,Indiana,2008,1.11,0.24,0.74
494,Indiana,2009,1.09,0.25,0.73
495,Iowa,1977,1.33,0.1,0.74
496,Iowa,1978,1.38,0.11,0.74
497,Iowa,1979,1.4,0.11,0.71
498,Iowa,1980,1.41,0.13,0.71
499,Iowa,1981,1.44,0.13,0.69
500,Iowa,1982,1.39,0.13,0.65
501,Iowa,1983,1.38,0.13,0.64
502,Iowa,1984,1.36,0.12,0.61
503,Iowa,1985,1.31,0.14,0.57
504,Iowa,1986,1.32,0.19,0.53
505,Iowa,1987,1.3,0.21,0.57
506,Iowa,1988,1.28,0.2,0.52
507,Iowa,1989,1.26,0.18,0.5
508,Iowa,1990,1.34,0.18,0.54
509,Iowa,1991,1.32,0.16,0.52
510,Iowa,1992,1.31,0.13,0.46
511,Iowa,1993,1.28,0.11,0.48
512,Iowa,1994,1.3,0.1,0.44
513,Iowa,1995,1.26,0.11,0.44
514,Iowa,1996,1.28,0.12,0.45
515,Iowa,1997,1.28,0.12,0.45
516,Iowa,1998,1.31,0.12,0.46
517,Iowa,1999,1.34,0.13,0.48
518,Iowa,2000,1.35,0.13,0.5
519,Iowa,2001,1.36,0.13,0.5
520,Iowa,2002,1.37,0.14,0.51
521,Iowa,2003,1.37,0.15,0.53
522,Iowa,2004,1.37,0.16,0.57
523,Iowa,2005,1.37,0.16,0.6
524,Iowa,2006,1.38,0.16,0.65
525,Iowa,2007,1.4,0.17,0.67
526,Iowa,2008,1.41,0.17,0.7
527,Iowa,2009,1.42,0.18,0.72
528,Kansas,1977,1.13,0.1,0.65
529,Kansas,1978,1.14,0.12,0.64
530,Kansas,1979,1.17,0.11,0.73
531,Kansas,1980,1.23,0.11,0.62
532,Kansas,1981,1.23,0.12,0.7
533,Kansas,1982,1.22,0.13,0.67
534,Kansas,1983,1.2,0.13,0.64
535,Kansas,1984,1.18,0.14,0.63
536,Kansas,1985,1.17,0.15,0.64
537,Kansas,1986,1.12,0.17,0.59
538,Kansas,1987,1.12,0.16,0.56
539,Kansas,1988,1.11,0.21,0.56
540,Kansas,1989,1.1,0.13,0.54
541,Kansas,1990,1.13,0.13,0.53
542,Kansas,1991,1.15,0.14,0.57
543,Kansas,1992,1.09,0.14,0.55
544,Kansas,1993,1.09,0.14,0.52
545,Kansas,1994,1.12,0.13,0.48
546,Kansas,1995,1.08,0.15,0.5
547,Kansas,1996,1.05,0.14,0.49
548,Kansas,1997,1.09,0.14,0.48
549,Kansas,1998,1.09,0.15,0.54
550,Kansas,1999,1.14,0.16,0.54
551,Kansas,2000,1.15,0.15,0.52
552,Kansas,2001,1.12,0.15,0.53
553,Kansas,2002,1.19,0.15,0.54
554,Kansas,2003,1.15,0.17,0.56
555,Kansas,2004,1.13,0.16,0.56
556,Kansas,2005,1.14,0.18,0.57
557,Kansas,2006,1.14,0.18,0.61
558,Kansas,2007,1.17,0.15,0.64
559,Kansas,2008,1.21,0.14,0.65
560,Kansas,2009,1.18,0.14,0.67
561,Kentucky,1977,1.19,0.09,0.75
562,Kentucky,1978,1.07,0.09,0.77
563,Kentucky,1979,1.1,0.09,0.77
564,Kentucky,1980,1.08,0.1,0.74
565,Kentucky,1981,1.13,0.11,0.75
566,Kentucky,1982,1.14,0.12,0.73
567,Kentucky,1983,1.13,0.12,0.69
568,Kentucky,1984,1.05,0.12,0.68
569,Kentucky,1985,1.07,0.13,0.66
570,Kentucky,1986,1.09,0.13,0.62
571,Kentucky,1987,1.03,0.14,0.59
572,Kentucky,1988,1.08,0.12,0.59
573,Kentucky,1989,1.08,0.12,0.56
574,Kentucky,1990,1.12,0.11,0.6
575,Kentucky,1991,1.11,0.11,0.56
576,Kentucky,1992,1.04,0.11,0.56
577,Kentucky,1993,1.08,0.1,0.55
578,Kentucky,1994,1.08,0.11,0.55
579,Kentucky,1995,1.05,0.12,0.54
580,Kentucky,1996,1.05,0.13,0.54
581,Kentucky,1997,1.06,0.13,0.53
582,Kentucky,1998,1.07,0.13,0.53
583,Kentucky,1999,1.07,0.13,0.54
584,Kentucky,2000,1.07,0.14,0.54
585,Kentucky,2001,1.04,0.12,0.46
586,Kentucky,2002,1.08,0.14,0.54
587,Kentucky,2003,1.03,0.15,0.56
588,Kentucky,2004,1.07,0.17,0.57
589,Kentucky,2005,1.05,0.14,0.61
590,Kentucky,2006,1.04,0.17,0.62
591,Kentucky,2007,1.05,0.17,0.63
592,Kentucky,2008,1.03,0.18,0.65
593,Kentucky,2009,1.11,0.18,0.65
594,Louisiana,1977,1.3,0.25,1.03
595,Louisiana,1978,1.35,0.25,1.07
596,Louisiana,1979,1.36,0.26,1.08
597,Louisiana,1980,1.41,0.27,1.04
598,Louisiana,1981,1.48,0.27,1.02
599,Louisiana,1982,1.49,0.3,1.0
600,Louisiana,1983,1.43,0.3,1.02
601,Louisiana,1984,1.4,0.29,0.94
602,Louisiana,1985,1.35,0.27,0.86
603,Louisiana,1986,1.39,0.26,0.78
604,Louisiana,1987,1.36,0.24,0.75
605,Louisiana,1988,1.44,0.24,0.69
606,Louisiana,1989,1.43,0.23,0.72
607,Louisiana,1990,1.53,0.23,0.78
608,Louisiana,1991,1.52,0.21,0.73
609,Louisiana,1992,1.55,0.22,0.74
610,Louisiana,1993,1.53,0.21,0.72
611,Louisiana,1994,1.45,0.21,0.73
612,Louisiana,1995,1.55,0.21,0.73
613,Louisiana,1996,1.5,0.22,0.72
614,Louisiana,1997,1.5,0.23,0.71
615,Louisiana,1998,1.5,0.23,0.7
616,Louisiana,1999,1.54,0.24,0.69
617,Louisiana,2000,1.5,0.22,0.7
618,Louisiana,2001,1.49,0.23,0.69
619,Louisiana,2002,1.33,0.24,0.71
620,Louisiana,2003,1.42,0.25,0.73
621,Louisiana,2004,1.39,0.26,0.73
622,Louisiana,2005,1.47,0.24,0.72
623,Louisiana,2006,1.61,0.25,0.8
624,Louisiana,2007,1.57,0.28,0.81
625,Louisiana,2008,1.56,0.27,0.83
626,Louisiana,2009,1.5,0.28,0.85
627,Maine,1977,1.37,0.23,1.04
628,Maine,1978,1.31,0.27,1.05
629,Maine,1979,1.3,0.27,1.08
630,Maine,1980,1.32,0.29,1.06
631,Maine,1981,1.24,0.28,1.05
632,Maine,1982,1.3,0.3,1.02
633,Maine,1983,1.32,0.29,1.03
634,Maine,1984,1.25,0.31,1.01
635,Maine,1985,1.29,0.33,0.94
636,Maine,1986,1.28,0.36,0.91
637,Maine,1987,1.26,0.38,0.91
638,Maine,1988,1.28,0.36,0.91
639,Maine,1989,1.25,0.34,0.85
640,Maine,1990,1.21,0.31,0.82
641,Maine,1991,1.18,0.3,0.77
642,Maine,1992,1.16,0.29,0.78
643,Maine,1993,1.15,0.29,0.79
644,Maine,1994,1.13,0.27,0.77
645,Maine,1995,1.17,0.29,0.72
646,Maine,1996,1.17,0.33,0.71
647,Maine,1997,1.15,0.33,0.71
648,Maine,1998,1.14,0.34,0.68
649,Maine,1999,1.16,0.37,0.73
650,Maine,2000,1.17,0.39,0.73
651,Maine,2001,1.2,0.37,0.69
652,Maine,2002,1.23,0.39,0.69
653,Maine,2003,1.24,0.39,0.73
654,Maine,2004,1.24,0.41,0.76
655,Maine,2005,1.24,0.41,0.77
656,Maine,2006,1.26,0.42,0.79
657,Maine,2007,1.27,0.43,0.8
658,Maine,2008,1.26,0.42,0.82
659,Maine,2009,1.24,0.42,0.83
660,Maryland,1977,1.37,0.3,1.39
661,Maryland,1978,1.41,0.31,1.38
662,Maryland,1979,1.43,0.31,1.39
663,Maryland,1980,1.42,0.33,1.35
664,Maryland,1981,1.39,0.34,1.33
665,Maryland,1982,1.27,0.32,1.17
666,Maryland,1983,1.34,0.35,1.2
667,Maryland,1984,1.31,0.36,1.17
668,Maryland,1985,1.31,0.36,1.14
669,Maryland,1986,1.29,0.39,1.08
670,Maryland,1987,1.29,0.38,1.07
671,Maryland,1988,1.26,0.36,1.01
672,Maryland,1989,1.22,0.34,0.98
673,Maryland,1990,1.22,0.33,0.96
674,Maryland,1991,1.15,0.3,0.89
675,Maryland,1992,1.11,0.29,0.86
676,Maryland,1993,1.1,0.28,0.8
677,Maryland,1994,1.09,0.28,0.78
678,Maryland,1995,1.06,0.28,0.74
679,Maryland,1996,1.05,0.29,0.74
680,Maryland,1997,1.05,0.29,0.73
681,Maryland,1998,1.05,0.3,0.73
682,Maryland,1999,1.04,0.3,0.74
683,Maryland,2000,1.04,0.3,0.75
684,Maryland,2001,1.06,0.3,0.75
685,Maryland,2002,1.05,0.31,0.75
686,Maryland,2003,1.02,0.32,0.77
687,Maryland,2004,1.03,0.33,0.79
688,Maryland,2005,0.93,0.32,0.85
689,Maryland,2006,1.02,0.34,0.83
690,Maryland,2007,1.01,0.36,0.84
691,Maryland,2008,0.99,0.36,0.85
692,Maryland,2009,0.97,0.37,0.87
693,Massachusetts,1977,1.34,0.37,1.24
694,Massachusetts,1978,1.37,0.4,1.25
695,Massachusetts,1979,1.39,0.42,1.23
696,Massachusetts,1980,1.47,0.45,1.27
697,Massachusetts,1981,1.44,0.49,1.24
698,Massachusetts,1982,1.35,0.49,1.22
699,Massachusetts,1983,1.36,0.5,1.21
700,Massachusetts,1984,1.3,0.51,1.24
701,Massachusetts,1985,1.3,0.51,1.21
702,Massachusetts,1986,1.31,0.53,1.12
703,Massachusetts,1987,1.29,0.51,1.12
704,Massachusetts,1988,1.29,0.5,1.07
705,Massachusetts,1989,1.26,0.47,1.02
706,Massachusetts,1990,1.22,0.45,0.97
707,Massachusetts,1991,1.19,0.43,0.87
708,Massachusetts,1992,1.12,0.44,0.82
709,Massachusetts,1993,1.14,0.44,0.8
710,Massachusetts,1994,1.14,0.44,0.8
711,Massachusetts,1995,1.13,0.44,0.78
712,Massachusetts,1996,1.11,0.48,0.77
713,Massachusetts,1997,1.13,0.49,0.76
714,Massachusetts,1998,1.14,0.5,0.75
715,Massachusetts,1999,1.09,0.51,0.79
716,Massachusetts,2000,1.16,0.51,0.87
717,Massachusetts,2001,1.12,0.52,0.78
718,Massachusetts,2002,1.13,0.54,0.8
719,Massachusetts,2003,1.1,0.56,0.82
720,Massachusetts,2004,1.1,0.58,0.84
721,Massachusetts,2005,1.07,0.59,0.85
722,Massachusetts,2006,1.1,0.61,0.84
723,Massachusetts,2007,1.01,0.61,0.86
724,Massachusetts,2008,1.07,0.62,0.84
725,Massachusetts,2009,1.02,0.61,0.84
726,Michigan,1977,1.45,0.24,1.02
727,Michigan,1978,1.43,0.25,1.05
728,Michigan,1979,1.37,0.25,1.03
729,Michigan,1980,1.34,0.28,1.03
730,Michigan,1981,1.34,0.29,1.0
731,Michigan,1982,1.35,0.39,0.98
732,Michigan,1983,1.35,0.28,0.97
733,Michigan,1984,1.32,0.31,0.97
734,Michigan,1985,1.3,0.32,0.95
735,Michigan,1986,1.33,0.33,0.9
736,Michigan,1987,1.32,0.33,0.85
737,Michigan,1988,1.31,0.32,0.84
738,Michigan,1989,1.29,0.3,0.8
739,Michigan,1990,1.33,0.28,0.8
740,Michigan,1991,1.3,0.22,0.74
741,Michigan,1992,1.26,0.22,0.74
742,Michigan,1993,1.25,0.2,0.72
743,Michigan,1994,1.23,0.2,0.67
744,Michigan,1995,1.2,0.19,0.66
745,Michigan,1996,1.2,0.22,0.67
746,Michigan,1997,1.17,0.22,0.66
747,Michigan,1998,1.2,0.22,0.69
748,Michigan,1999,1.19,0.24,0.68
749,Michigan,2000,1.19,0.24,0.69
750,Michigan,2001,1.19,0.24,0.68
751,Michigan,2002,1.16,0.23,0.68
752,Michigan,2003,1.17,0.26,0.7
753,Michigan,2004,1.15,0.28,0.72
754,Michigan,2005,1.14,0.28,0.75
755,Michigan,2006,1.12,0.29,0.76
756,Michigan,2007,1.12,0.3,0.78
757,Michigan,2008,1.12,0.3,0.8
758,Michigan,2009,1.1,0.31,0.8
759,Minnesota,1977,1.3,0.2,1.15
760,Minnesota,1978,1.31,0.23,1.15
761,Minnesota,1979,1.35,0.24,1.16
762,Minnesota,1980,1.4,0.26,1.2
763,Minnesota,1981,1.39,0.27,1.18
764,Minnesota,1982,1.36,0.27,1.11
765,Minnesota,1983,1.37,0.27,1.1
766,Minnesota,1984,1.34,0.28,1.07
767,Minnesota,1985,1.31,0.31,1.06
768,Minnesota,1986,1.3,0.33,0.92
769,Minnesota,1987,1.31,0.32,0.94
770,Minnesota,1988,1.3,0.3,0.89
771,Minnesota,1989,1.28,0.27,0.88
772,Minnesota,1990,1.32,0.27,0.96
773,Minnesota,1991,1.3,0.24,0.81
774,Minnesota,1992,1.25,0.25,0.85
775,Minnesota,1993,1.24,0.24,0.84
776,Minnesota,1994,1.27,0.25,0.83
777,Minnesota,1995,1.24,0.26,0.83
778,Minnesota,1996,1.25,0.26,0.83
779,Minnesota,1997,1.23,0.27,0.83
780,Minnesota,1998,1.16,0.27,0.84
781,Minnesota,1999,1.23,0.27,0.86
782,Minnesota,2000,1.24,0.26,0.87
783,Minnesota,2001,1.25,0.26,0.87
784,Minnesota,2002,1.25,0.28,0.87
785,Minnesota,2003,1.21,0.29,0.9
786,Minnesota,2004,1.23,0.31,0.93
787,Minnesota,2005,1.18,0.32,0.96
788,Minnesota,2006,1.15,0.32,0.93
789,Minnesota,2007,1.16,0.36,0.97
790,Minnesota,2008,1.21,0.37,1.03
791,Minnesota,2009,1.19,0.37,1.04
792,Mississippi,1977,1.08,0.11,0.86
793,Mississippi,1978,1.16,0.1,0.91
794,Mississippi,1979,1.15,0.1,0.84
795,Mississippi,1980,1.13,0.1,0.86
796,Mississippi,1981,1.19,0.11,0.84
797,Mississippi,1982,1.19,0.11,0.82
798,Mississippi,1983,1.19,0.11,0.79
799,Mississippi,1984,1.19,0.11,0.77
800,Mississippi,1985,1.21,0.1,0.73
801,Mississippi,1986,1.26,0.1,0.68
802,Mississippi,1987,1.26,0.09,0.66
803,Mississippi,1988,1.28,0.09,0.66
804,Mississippi,1989,1.26,0.09,0.65
805,Mississippi,1990,1.34,0.09,0.65
806,Mississippi,1991,1.32,0.09,0.64
807,Mississippi,1992,1.35,0.09,0.63
808,Mississippi,1993,1.37,0.1,0.63
809,Mississippi,1994,1.28,0.08,0.63
810,Mississippi,1995,1.36,0.09,0.61
811,Mississippi,1996,1.37,0.09,0.62
812,Mississippi,1997,1.37,0.09,0.61
813,Mississippi,1998,1.4,0.09,0.59
814,Mississippi,1999,1.45,0.1,0.61
815,Mississippi,2000,1.44,0.09,0.6
816,Mississippi,2001,1.39,0.11,0.6
817,Mississippi,2002,1.4,0.12,0.61
818,Mississippi,2003,1.4,0.12,0.62
819,Mississippi,2004,1.39,0.12,0.63
820,Mississippi,2005,1.4,0.12,0.65
821,Mississippi,2006,1.46,0.12,0.67
822,Mississippi,2007,1.46,0.12,0.68
823,Mississippi,2008,1.45,0.12,0.7
824,Mississippi,2009,1.41,0.11,0.71
825,Missouri,1977,1.23,0.19,0.83
826,Missouri,1978,1.31,0.2,0.89
827,Missouri,1979,1.37,0.2,0.86
828,Missouri,1980,1.39,0.2,0.84
829,Missouri,1981,1.4,0.21,0.83
830,Missouri,1982,1.38,0.21,0.79
831,Missouri,1983,1.37,0.22,0.78
832,Missouri,1984,1.34,0.25,0.68
833,Missouri,1985,1.33,0.26,0.76
834,Missouri,1986,1.36,0.28,0.72
835,Missouri,1987,1.36,0.27,0.72
836,Missouri,1988,1.33,0.25,0.69
837,Missouri,1989,1.33,0.22,0.69
838,Missouri,1990,1.37,0.22,0.7
839,Missouri,1991,1.35,0.22,0.64
840,Missouri,1992,1.34,0.21,0.69
841,Missouri,1993,1.33,0.2,0.67
842,Missouri,1994,1.36,0.19,0.66
843,Missouri,1995,1.31,0.2,0.62
844,Missouri,1996,1.31,0.22,0.57
845,Missouri,1997,1.3,0.22,0.63
846,Missouri,1998,1.33,0.23,0.63
847,Missouri,1999,1.35,0.23,0.66
848,Missouri,2000,1.35,0.23,0.67
849,Missouri,2001,1.34,0.23,0.67
850,Missouri,2002,1.47,0.25,0.67
851,Missouri,2003,1.33,0.26,0.69
852,Missouri,2004,1.32,0.26,0.71
853,Missouri,2005,1.3,0.27,0.72
854,Missouri,2006,1.33,0.28,0.76
855,Missouri,2007,1.33,0.3,0.78
856,Missouri,2008,1.32,0.3,0.8
857,Missouri,2009,1.3,0.3,0.83
858,Montana,1977,1.83,0.2,1.1
859,Montana,1978,1.82,0.2,1.07
860,Montana,1979,1.83,0.41,1.05
861,Montana,1980,1.82,0.35,1.04
862,Montana,1981,1.9,0.33,1.05
863,Montana,1982,1.82,0.32,1.02
864,Montana,1983,1.79,0.32,0.99
865,Montana,1984,1.7,0.32,0.93
866,Montana,1985,1.6,0.33,0.88
867,Montana,1986,1.58,0.34,0.81
868,Montana,1987,1.57,0.33,0.77
869,Montana,1988,1.59,0.32,0.76
870,Montana,1989,1.56,0.29,0.72
871,Montana,1990,1.6,0.29,0.77
872,Montana,1991,1.61,0.28,0.76
873,Montana,1992,1.59,0.26,0.75
874,Montana,1993,1.49,0.25,0.73
875,Montana,1994,1.57,0.24,0.7
876,Montana,1995,1.49,0.26,0.78
877,Montana,1996,1.49,0.27,0.64
878,Montana,1997,1.49,0.29,0.63
879,Montana,1998,1.51,0.28,0.65
880,Montana,1999,1.56,0.29,0.67
881,Montana,2000,1.55,0.29,0.68
882,Montana,2001,1.57,0.3,0.68
883,Montana,2002,1.61,0.33,0.7
884,Montana,2003,1.55,0.33,0.72
885,Montana,2004,1.54,0.34,0.74
886,Montana,2005,1.53,0.35,0.78
887,Montana,2006,1.64,0.41,0.83
888,Montana,2007,1.68,0.43,0.86
889,Montana,2008,1.68,0.44,0.87
890,Montana,2009,1.66,0.45,0.88
891,Nebraska,1977,1.45,0.17,0.91
892,Nebraska,1978,1.47,0.18,0.89
893,Nebraska,1979,1.5,0.18,0.88
894,Nebraska,1980,1.56,0.19,0.89
895,Nebraska,1981,1.57,0.2,0.88
896,Nebraska,1982,1.5,0.28,0.58
897,Nebraska,1983,1.49,0.21,0.79
898,Nebraska,1984,1.44,0.2,0.76
899,Nebraska,1985,1.4,0.22,0.75
900,Nebraska,1986,1.38,0.23,0.67
901,Nebraska,1987,1.4,0.22,0.65
902,Nebraska,1988,1.37,0.22,0.65
903,Nebraska,1989,1.37,0.19,0.62
904,Nebraska,1990,1.41,0.2,0.64
905,Nebraska,1991,1.4,0.18,0.61
906,Nebraska,1992,1.37,0.18,0.61
907,Nebraska,1993,1.37,0.18,0.59
908,Nebraska,1994,1.39,0.18,0.57
909,Nebraska,1995,1.35,0.19,0.57
910,Nebraska,1996,1.35,0.18,0.57
911,Nebraska,1997,1.35,0.18,0.56
912,Nebraska,1998,1.39,0.18,0.58
913,Nebraska,1999,1.42,0.17,0.6
914,Nebraska,2000,1.44,0.17,0.62
915,Nebraska,2001,1.43,0.16,0.6
916,Nebraska,2002,1.45,0.17,0.61
917,Nebraska,2003,1.42,0.18,0.63
918,Nebraska,2004,1.43,0.19,0.64
919,Nebraska,2005,1.41,0.2,0.68
920,Nebraska,2006,1.43,0.21,0.71
921,Nebraska,2007,1.45,0.21,0.67
922,Nebraska,2008,1.47,0.21,0.68
923,Nebraska,2009,1.46,0.2,0.68
924,Nevada,1977,2.15,0.83,3.85
925,Nevada,1978,2.2,0.85,3.65
926,Nevada,1979,2.28,0.88,3.28
927,Nevada,1980,2.09,0.79,2.94
928,Nevada,1981,2.08,0.8,2.71
929,Nevada,1982,1.99,0.77,2.5
930,Nevada,1983,1.98,0.79,2.45
931,Nevada,1984,2.01,0.82,2.36
932,Nevada,1985,1.96,0.84,2.18
933,Nevada,1986,2.07,0.88,2.11
934,Nevada,1987,2.05,0.84,2.09
935,Nevada,1988,2.13,0.78,2.0
936,Nevada,1989,2.18,0.73,1.92
937,Nevada,1990,2.17,0.69,1.92
938,Nevada,1991,2.05,0.63,1.63
939,Nevada,1992,2.02,0.62,1.61
940,Nevada,1993,1.95,0.58,1.54
941,Nevada,1994,1.93,0.57,1.51
942,Nevada,1995,1.87,0.58,1.39
943,Nevada,1996,1.91,0.59,1.39
944,Nevada,1997,1.84,0.58,1.3
945,Nevada,1998,1.8,0.58,1.23
946,Nevada,1999,1.82,0.63,1.29
947,Nevada,2000,1.79,0.62,1.26
948,Nevada,2001,1.81,0.6,1.22
949,Nevada,2002,1.75,0.61,1.24
950,Nevada,2003,1.76,0.62,1.25
951,Nevada,2004,1.75,0.64,1.26
952,Nevada,2005,1.71,0.62,1.23
953,Nevada,2006,1.74,0.66,1.3
954,Nevada,2007,1.71,0.64,1.27
955,Nevada,2008,1.68,0.63,1.33
956,Nevada,2009,1.57,0.58,1.15
957,New Hampshire,1977,1.89,0.5,2.93
958,New Hampshire,1978,1.99,0.54,2.94
959,New Hampshire,1979,1.98,0.62,2.61
960,New Hampshire,1980,2.21,0.69,2.86
961,New Hampshire,1981,1.89,0.59,2.44
962,New Hampshire,1982,1.89,0.58,2.34
963,New Hampshire,1983,2.17,0.56,2.35
964,New Hampshire,1984,1.99,0.59,2.33
965,New Hampshire,1985,1.99,0.53,2.21
966,New Hampshire,1986,1.93,0.52,2.06
967,New Hampshire,1987,1.93,0.5,1.98
968,New Hampshire,1988,1.91,0.49,1.94
969,New Hampshire,1989,1.87,0.5,1.99
970,New Hampshire,1990,1.85,0.49,1.97
971,New Hampshire,1991,1.85,0.49,1.96
972,New Hampshire,1992,1.81,0.52,1.96
973,New Hampshire,1993,1.83,0.54,2.01
974,New Hampshire,1994,1.75,0.48,1.9
975,New Hampshire,1995,1.74,0.51,1.87
976,New Hampshire,1996,1.73,0.55,1.85
977,New Hampshire,1997,1.73,0.55,1.76
978,New Hampshire,1998,1.72,0.54,1.73
979,New Hampshire,1999,1.75,0.56,1.7
980,New Hampshire,2000,1.75,0.56,1.69
981,New Hampshire,2001,1.74,0.65,1.61
982,New Hampshire,2002,1.73,0.69,1.63
983,New Hampshire,2003,1.72,0.7,1.61
984,New Hampshire,2004,1.71,0.7,1.65
985,New Hampshire,2005,1.72,0.71,1.68
986,New Hampshire,2006,1.73,0.72,1.76
987,New Hampshire,2007,1.74,0.74,1.75
988,New Hampshire,2008,1.71,0.81,1.79
989,New Hampshire,2009,1.72,0.84,1.82
990,New Jersey,1977,1.16,0.4,1.13
991,New Jersey,1978,1.17,0.42,1.1
992,New Jersey,1979,1.18,0.43,1.1
993,New Jersey,1980,1.23,0.47,1.13
994,New Jersey,1981,1.22,0.51,1.15
995,New Jersey,1982,1.22,0.52,1.13
996,New Jersey,1983,1.21,0.52,1.13
997,New Jersey,1984,1.19,0.55,1.1
998,New Jersey,1985,1.18,0.55,1.08
999,New Jersey,1986,1.18,0.56,1.03
1000,New Jersey,1987,1.18,0.54,1.01
1001,New Jersey,1988,1.15,0.51,0.93
1002,New Jersey,1989,1.13,0.5,0.96
1003,New Jersey,1990,1.15,0.48,0.95
1004,New Jersey,1991,1.09,0.43,0.82
1005,New Jersey,1992,1.07,0.44,0.83
1006,New Jersey,1993,1.07,0.42,0.79
1007,New Jersey,1994,1.04,0.43,0.79
1008,New Jersey,1995,1.03,0.44,0.75
1009,New Jersey,1996,1.0,0.44,0.76
1010,New Jersey,1997,0.98,0.42,0.74
1011,New Jersey,1998,0.98,0.46,0.69
1012,New Jersey,1999,0.97,0.46,0.71
1013,New Jersey,2000,0.96,0.47,0.77
1014,New Jersey,2001,0.99,0.47,0.75
1015,New Jersey,2002,0.98,0.49,0.77
1016,New Jersey,2003,0.95,0.5,0.79
1017,New Jersey,2004,0.96,0.52,0.82
1018,New Jersey,2005,0.95,0.51,0.82
1019,New Jersey,2006,0.94,0.53,0.84
1020,New Jersey,2007,0.93,0.55,0.86
1021,New Jersey,2008,0.94,0.55,0.86
1022,New Jersey,2009,0.92,0.57,0.87
1023,New Mexico,1977,1.65,0.32,0.96
1024,New Mexico,1978,1.68,0.32,0.98
1025,New Mexico,1979,1.71,0.3,1.01
1026,New Mexico,1980,1.66,0.32,1.0
1027,New Mexico,1981,1.74,0.32,0.95
1028,New Mexico,1982,1.72,0.34,0.94
1029,New Mexico,1983,1.72,0.31,0.98
1030,New Mexico,1984,1.71,0.28,0.76
1031,New Mexico,1985,1.7,0.36,0.77
1032,New Mexico,1986,1.64,0.35,0.7
1033,New Mexico,1987,1.63,0.35,0.67
1034,New Mexico,1988,1.63,0.33,0.67
1035,New Mexico,1989,1.64,0.29,0.65
1036,New Mexico,1990,1.68,0.28,0.68
1037,New Mexico,1991,1.64,0.26,0.64
1038,New Mexico,1992,1.56,0.25,0.66
1039,New Mexico,1993,1.53,0.23,0.63
1040,New Mexico,1994,1.46,0.19,0.6
1041,New Mexico,1995,1.56,0.24,0.6
1042,New Mexico,1996,1.55,0.24,0.59
1043,New Mexico,1997,1.51,0.24,0.58
1044,New Mexico,1998,1.49,0.24,0.58
1045,New Mexico,1999,1.53,0.25,0.59
1046,New Mexico,2000,1.53,0.25,0.61
1047,New Mexico,2001,1.54,0.25,0.61
1048,New Mexico,2002,1.53,0.26,0.61
1049,New Mexico,2003,1.52,0.27,0.61
1050,New Mexico,2004,1.45,0.25,0.66
1051,New Mexico,2005,1.48,0.29,0.67
1052,New Mexico,2006,1.38,0.31,0.7
1053,New Mexico,2007,1.41,0.31,0.71
1054,New Mexico,2008,1.43,0.31,0.72
1055,New Mexico,2009,1.37,0.32,0.74
1056,New York,1977,1.18,0.38,1.17
1057,New York,1978,1.18,0.42,1.17
1058,New York,1979,1.21,0.44,1.17
1059,New York,1980,1.28,0.46,1.18
1060,New York,1981,1.25,0.46,1.12
1061,New York,1982,1.26,0.48,1.1
1062,New York,1983,1.23,0.49,1.05
1063,New York,1984,1.15,0.49,1.03
1064,New York,1985,1.14,0.49,0.98
1065,New York,1986,1.13,0.5,0.92
1066,New York,1987,1.15,0.48,0.9
1067,New York,1988,1.15,0.45,0.87
1068,New York,1989,1.12,0.42,0.82
1069,New York,1990,1.13,0.41,0.76
1070,New York,1991,1.09,0.37,0.69
1071,New York,1992,1.04,0.37,0.68
1072,New York,1993,1.0,0.35,0.62
1073,New York,1994,0.98,0.35,0.6
1074,New York,1995,0.98,0.38,0.57
1075,New York,1996,0.97,0.36,0.57
1076,New York,1997,0.94,0.37,0.57
1077,New York,1998,0.95,0.38,0.51
1078,New York,1999,0.93,0.37,0.56
1079,New York,2000,0.92,0.38,0.58
1080,New York,2001,0.96,0.37,0.56
1081,New York,2002,0.95,0.38,0.59
1082,New York,2003,0.93,0.4,0.61
1083,New York,2004,0.91,0.41,0.62
1084,New York,2005,0.9,0.43,0.64
1085,New York,2006,0.88,0.45,0.65
1086,New York,2007,0.92,0.46,0.68
1087,New York,2008,0.92,0.47,0.67
1088,New York,2009,0.91,0.46,0.69
1089,North Carolina,1977,1.01,0.2,0.84
1090,North Carolina,1978,1.06,0.2,0.86
1091,North Carolina,1979,1.08,0.22,0.88
1092,North Carolina,1980,1.11,0.2,0.86
1093,North Carolina,1981,1.1,0.21,0.86
1094,North Carolina,1982,1.07,0.21,0.85
1095,North Carolina,1983,1.1,0.22,0.8
1096,North Carolina,1984,1.11,0.24,0.78
1097,North Carolina,1985,1.09,0.27,0.76
1098,North Carolina,1986,1.12,0.3,0.74
1099,North Carolina,1987,1.11,0.28,0.71
1100,North Carolina,1988,1.12,0.28,0.68
1101,North Carolina,1989,1.13,0.27,0.66
1102,North Carolina,1990,1.16,0.27,0.65
1103,North Carolina,1991,1.11,0.24,0.6
1104,North Carolina,1992,1.14,0.23,0.59
1105,North Carolina,1993,1.14,0.22,0.56
1106,North Carolina,1994,1.14,0.21,0.54
1107,North Carolina,1995,1.12,0.22,0.53
1108,North Carolina,1996,1.14,0.24,0.52
1109,North Carolina,1997,1.15,0.23,0.51
1110,North Carolina,1998,1.13,0.23,0.5
1111,North Carolina,1999,1.16,0.24,0.51
1112,North Carolina,2000,1.19,0.23,0.52
1113,North Carolina,2001,1.23,0.25,0.51
1114,North Carolina,2002,1.25,0.27,0.5
1115,North Carolina,2003,1.21,0.27,0.52
1116,North Carolina,2004,1.17,0.3,0.53
1117,North Carolina,2005,1.13,0.3,0.54
1118,North Carolina,2006,1.15,0.33,0.55
1119,North Carolina,2007,1.16,0.33,0.56
1120,North Carolina,2008,1.14,0.34,0.58
1121,North Carolina,2009,1.1,0.34,0.58
1122,North Dakota,1977,1.35,0.15,1.12
1123,North Dakota,1978,1.45,0.16,1.15
1124,North Dakota,1979,1.45,0.16,1.1
1125,North Dakota,1980,1.53,0.17,1.14
1126,North Dakota,1981,1.53,0.18,1.14
1127,North Dakota,1982,1.52,0.18,1.09
1128,North Dakota,1983,1.48,0.17,1.05
1129,North Dakota,1984,1.4,0.17,0.98
1130,North Dakota,1985,1.33,0.19,0.96
1131,North Dakota,1986,1.32,0.22,0.86
1132,North Dakota,1987,1.35,0.2,0.87
1133,North Dakota,1988,1.38,0.19,0.86
1134,North Dakota,1989,1.38,0.17,0.84
1135,North Dakota,1990,1.47,0.17,0.93
1136,North Dakota,1991,1.43,0.16,0.86
1137,North Dakota,1992,1.38,0.15,0.85
1138,North Dakota,1993,1.37,0.15,0.84
1139,North Dakota,1994,1.39,0.15,0.78
1140,North Dakota,1995,1.35,0.16,0.77
1141,North Dakota,1996,1.4,0.13,0.77
1142,North Dakota,1997,1.4,0.13,0.77
1143,North Dakota,1998,1.45,0.13,0.76
1144,North Dakota,1999,1.49,0.15,0.78
1145,North Dakota,2000,1.47,0.15,0.79
1146,North Dakota,2001,1.46,0.15,0.8
1147,North Dakota,2002,1.51,0.16,0.84
1148,North Dakota,2003,1.54,0.17,0.86
1149,North Dakota,2004,1.5,0.18,0.83
1150,North Dakota,2005,1.51,0.19,0.95
1151,North Dakota,2006,1.52,0.21,1.01
1152,North Dakota,2007,1.57,0.23,1.08
1153,North Dakota,2008,1.63,0.24,1.14
1154,North Dakota,2009,1.63,0.25,1.16
1155,Ohio,1977,1.17,0.18,0.7
1156,Ohio,1978,1.19,0.2,0.7
1157,Ohio,1979,1.36,0.2,0.71
1158,Ohio,1980,1.39,0.22,0.72
1159,Ohio,1981,1.35,0.22,0.68
1160,Ohio,1982,1.4,0.22,0.66
1161,Ohio,1983,1.36,0.22,0.65
1162,Ohio,1984,1.41,0.25,0.61
1163,Ohio,1985,1.37,0.25,0.59
1164,Ohio,1986,1.32,0.25,0.6
1165,Ohio,1987,1.35,0.24,0.59
1166,Ohio,1988,1.34,0.24,0.54
1167,Ohio,1989,1.35,0.22,0.5
1168,Ohio,1990,1.34,0.22,0.53
1169,Ohio,1991,1.33,0.18,0.51
1170,Ohio,1992,1.32,0.17,0.5
1171,Ohio,1993,1.29,0.16,0.5
1172,Ohio,1994,1.31,0.16,0.37
1173,Ohio,1995,1.28,0.17,0.46
1174,Ohio,1996,1.3,0.18,0.45
1175,Ohio,1997,1.28,0.18,0.46
1176,Ohio,1998,1.31,0.19,0.47
1177,Ohio,1999,1.32,0.2,0.48
1178,Ohio,2000,1.3,0.19,0.5
1179,Ohio,2001,1.33,0.21,0.47
1180,Ohio,2002,1.34,0.21,0.47
1181,Ohio,2003,1.33,0.22,0.48
1182,Ohio,2004,1.33,0.22,0.41
1183,Ohio,2005,1.31,0.23,0.43
1184,Ohio,2006,1.32,0.24,0.44
1185,Ohio,2007,1.33,0.25,0.45
1186,Ohio,2008,1.32,0.26,0.46
1187,Ohio,2009,1.28,0.26,0.47
1188,Oklahoma,1977,1.07,0.14,0.78
1189,Oklahoma,1978,1.08,0.14,0.82
1190,Oklahoma,1979,1.05,0.13,0.8
1191,Oklahoma,1980,1.08,0.16,0.71
1192,Oklahoma,1981,1.14,0.16,0.83
1193,Oklahoma,1982,1.17,0.16,0.83
1194,Oklahoma,1983,1.05,0.16,0.77
1195,Oklahoma,1984,1.01,0.16,0.74
1196,Oklahoma,1985,1.04,0.15,0.68
1197,Oklahoma,1986,1.04,0.15,0.61
1198,Oklahoma,1987,1.04,0.15,0.57
1199,Oklahoma,1988,1.05,0.14,0.5
1200,Oklahoma,1989,1.05,0.13,0.53
1201,Oklahoma,1990,1.12,0.14,0.55
1202,Oklahoma,1991,1.09,0.13,0.54
1203,Oklahoma,1992,1.13,0.13,0.55
1204,Oklahoma,1993,1.11,0.11,0.48
1205,Oklahoma,1994,1.15,0.13,0.5
1206,Oklahoma,1995,1.1,0.12,0.44
1207,Oklahoma,1996,1.09,0.12,0.45
1208,Oklahoma,1997,1.1,0.12,0.43
1209,Oklahoma,1998,1.12,0.12,0.43
1210,Oklahoma,1999,1.11,0.12,0.44
1211,Oklahoma,2000,1.13,0.12,0.44
1212,Oklahoma,2001,1.11,0.12,0.43
1213,Oklahoma,2002,1.11,0.13,0.58
1214,Oklahoma,2003,1.06,0.13,0.73
1215,Oklahoma,2004,1.1,0.13,0.45
1216,Oklahoma,2005,1.09,0.16,0.55
1217,Oklahoma,2006,1.15,0.17,0.57
1218,Oklahoma,2007,1.18,0.17,0.58
1219,Oklahoma,2008,1.23,0.18,0.58
1220,Oklahoma,2009,1.18,0.18,0.58
1221,Oregon,1977,1.33,0.46,0.96
1222,Oregon,1978,1.34,0.47,0.98
1223,Oregon,1979,1.39,0.47,0.96
1224,Oregon,1980,1.37,0.51,0.94
1225,Oregon,1981,1.38,0.5,0.92
1226,Oregon,1982,1.33,0.53,0.88
1227,Oregon,1983,1.31,0.53,0.85
1228,Oregon,1984,1.28,0.53,0.82
1229,Oregon,1985,1.25,0.55,0.77
1230,Oregon,1986,1.26,0.54,0.73
1231,Oregon,1987,1.26,0.53,0.72
1232,Oregon,1988,1.27,0.51,0.71
1233,Oregon,1989,1.26,0.46,0.69
1234,Oregon,1990,1.32,0.47,0.73
1235,Oregon,1991,1.28,0.44,0.67
1236,Oregon,1992,1.29,0.46,0.67
1237,Oregon,1993,1.24,0.43,0.64
1238,Oregon,1994,1.23,0.37,0.62
1239,Oregon,1995,1.21,0.42,0.59
1240,Oregon,1996,1.23,0.44,0.61
1241,Oregon,1997,1.19,0.44,0.6
1242,Oregon,1998,1.2,0.43,0.61
1243,Oregon,1999,1.21,0.43,0.63
1244,Oregon,2000,1.2,0.44,0.64
1245,Oregon,2001,1.22,0.43,0.65
1246,Oregon,2002,1.22,0.46,0.66
1247,Oregon,2003,1.2,0.47,0.68
1248,Oregon,2004,1.22,0.49,0.71
1249,Oregon,2005,1.23,0.48,0.74
1250,Oregon,2006,1.26,0.49,0.78
1251,Oregon,2007,1.29,0.49,0.81
1252,Oregon,2008,1.21,0.49,0.82
1253,Oregon,2009,1.28,0.49,0.82
1254,Pennsylvania,1977,1.35,0.2,0.74
1255,Pennsylvania,1978,1.36,0.21,0.74
1256,Pennsylvania,1979,1.42,0.22,0.73
1257,Pennsylvania,1980,1.45,0.22,0.71
1258,Pennsylvania,1981,1.42,0.23,0.72
1259,Pennsylvania,1982,1.44,0.23,0.7
1260,Pennsylvania,1983,1.41,0.22,0.67
1261,Pennsylvania,1984,1.37,0.21,0.66
1262,Pennsylvania,1985,1.37,0.21,0.65
1263,Pennsylvania,1986,1.38,0.21,0.64
1264,Pennsylvania,1987,1.38,0.2,0.61
1265,Pennsylvania,1988,1.39,0.19,0.53
1266,Pennsylvania,1989,1.36,0.18,0.56
1267,Pennsylvania,1990,1.42,0.18,0.55
1268,Pennsylvania,1991,1.36,0.17,0.52
1269,Pennsylvania,1992,1.3,0.18,0.51
1270,Pennsylvania,1993,1.31,0.17,0.48
1271,Pennsylvania,1994,1.28,0.18,0.47
1272,Pennsylvania,1995,1.23,0.18,0.45
1273,Pennsylvania,1996,1.22,0.19,0.45
1274,Pennsylvania,1997,1.2,0.19,0.44
1275,Pennsylvania,1998,1.21,0.19,0.45
1276,Pennsylvania,1999,1.2,0.21,0.46
1277,Pennsylvania,2000,1.21,0.21,0.47
1278,Pennsylvania,2001,1.32,0.2,0.48
1279,Pennsylvania,2002,1.35,0.22,0.49
1280,Pennsylvania,2003,1.3,0.23,0.51
1281,Pennsylvania,2004,1.3,0.24,0.54
1282,Pennsylvania,2005,1.29,0.24,0.55
1283,Pennsylvania,2006,1.3,0.24,0.57
1284,Pennsylvania,2007,1.34,0.24,0.59
1285,Pennsylvania,2008,1.36,0.23,0.6
1286,Pennsylvania,2009,1.35,0.23,0.61
1287,Rhode Island,1977,1.39,0.43,1.12
1288,Rhode Island,1978,1.41,0.5,1.16
1289,Rhode Island,1979,1.46,0.5,1.11
1290,Rhode Island,1980,1.46,0.53,1.14
1291,Rhode Island,1981,1.36,0.52,1.04
1292,Rhode Island,1982,1.34,0.55,1.04
1293,Rhode Island,1983,1.48,0.5,1.06
1294,Rhode Island,1984,1.37,0.52,1.03
1295,Rhode Island,1985,1.4,0.51,1.03
1296,Rhode Island,1986,1.41,0.53,0.93
1297,Rhode Island,1987,1.4,0.51,0.94
1298,Rhode Island,1988,1.39,0.49,0.97
1299,Rhode Island,1989,1.37,0.46,0.87
1300,Rhode Island,1990,1.31,0.44,0.79
1301,Rhode Island,1991,1.33,0.37,0.71
1302,Rhode Island,1992,1.24,0.39,0.7
1303,Rhode Island,1993,1.22,0.36,0.69
1304,Rhode Island,1994,1.23,0.38,0.66
1305,Rhode Island,1995,1.19,0.38,0.6
1306,Rhode Island,1996,1.16,0.42,0.65
1307,Rhode Island,1997,1.22,0.44,0.64
1308,Rhode Island,1998,1.14,0.47,0.63
1309,Rhode Island,1999,1.14,0.45,0.69
1310,Rhode Island,2000,1.15,0.46,0.7
1311,Rhode Island,2001,1.19,0.46,0.7
1312,Rhode Island,2002,1.17,0.48,0.73
1313,Rhode Island,2003,1.12,0.51,0.79
1314,Rhode Island,2004,1.12,0.49,0.79
1315,Rhode Island,2005,1.13,0.51,0.81
1316,Rhode Island,2006,1.13,0.53,0.86
1317,Rhode Island,2007,1.13,0.54,0.9
1318,Rhode Island,2008,1.13,0.54,0.91
1319,Rhode Island,2009,1.1,0.53,0.92
1320,South Carolina,1977,1.17,0.17,1.14
1321,South Carolina,1978,1.2,0.17,1.21
1322,South Carolina,1979,1.25,0.17,1.18
1323,South Carolina,1980,1.22,0.18,1.06
1324,South Carolina,1981,1.25,0.19,1.05
1325,South Carolina,1982,1.24,0.2,1.0
1326,South Carolina,1983,1.26,0.2,1.01
1327,South Carolina,1984,1.26,0.24,1.0
1328,South Carolina,1985,1.26,0.25,0.99
1329,South Carolina,1986,1.3,0.27,0.92
1330,South Carolina,1987,1.34,0.27,0.88
1331,South Carolina,1988,1.37,0.26,0.89
1332,South Carolina,1989,1.37,0.24,0.86
1333,South Carolina,1990,1.44,0.25,0.92
1334,South Carolina,1991,1.34,0.22,0.84
1335,South Carolina,1992,1.34,0.2,0.79
1336,South Carolina,1993,1.36,0.2,0.75
1337,South Carolina,1994,1.38,0.17,0.74
1338,South Carolina,1995,1.38,0.18,0.67
1339,South Carolina,1996,1.39,0.21,0.71
1340,South Carolina,1997,1.4,0.19,0.71
1341,South Carolina,1998,1.42,0.21,0.72
1342,South Carolina,1999,1.43,0.22,0.72
1343,South Carolina,2000,1.45,0.22,0.7
1344,South Carolina,2001,1.45,0.22,0.65
1345,South Carolina,2002,1.47,0.22,0.67
1346,South Carolina,2003,1.38,0.23,0.74
1347,South Carolina,2004,1.44,0.24,0.76
1348,South Carolina,2005,1.41,0.24,0.76
1349,South Carolina,2006,1.46,0.24,0.77
1350,South Carolina,2007,1.43,0.24,0.77
1351,South Carolina,2008,1.41,0.24,0.77
1352,South Carolina,2009,1.36,0.24,0.77
1353,South Dakota,1977,1.15,0.17,1.06
1354,South Dakota,1978,1.19,0.17,1.05
1355,South Dakota,1979,1.23,0.17,1.04
1356,South Dakota,1980,1.3,0.18,1.07
1357,South Dakota,1981,1.32,0.19,1.05
1358,South Dakota,1982,1.29,0.18,0.98
1359,South Dakota,1983,1.3,0.17,0.95
1360,South Dakota,1984,1.27,0.17,0.89
1361,South Dakota,1985,1.22,0.18,0.94
1362,South Dakota,1986,1.22,0.19,0.81
1363,South Dakota,1987,1.24,0.19,0.79
1364,South Dakota,1988,1.21,0.16,0.76
1365,South Dakota,1989,1.25,0.15,0.7
1366,South Dakota,1990,1.36,0.18,0.8
1367,South Dakota,1991,1.37,0.15,0.76
1368,South Dakota,1992,1.37,0.15,0.74
1369,South Dakota,1993,1.35,0.12,0.73
1370,South Dakota,1994,1.38,0.12,0.73
1371,South Dakota,1995,1.34,0.12,0.73
1372,South Dakota,1996,1.36,0.13,0.68
1373,South Dakota,1997,1.36,0.13,0.69
1374,South Dakota,1998,1.42,0.13,0.68
1375,South Dakota,1999,1.43,0.14,0.7
1376,South Dakota,2000,1.44,0.15,0.68
1377,South Dakota,2001,1.46,0.15,0.71
1378,South Dakota,2002,1.51,0.16,0.7
1379,South Dakota,2003,1.51,0.16,0.73
1380,South Dakota,2004,1.5,0.18,0.76
1381,South Dakota,2005,1.5,0.19,0.83
1382,South Dakota,2006,1.51,0.19,0.79
1383,South Dakota,2007,1.51,0.22,0.86
1384,South Dakota,2008,1.56,0.22,0.86
1385,South Dakota,2009,1.53,0.22,0.88
1386,Tennessee,1977,1.1,0.1,0.71
1387,Tennessee,1978,1.16,0.11,0.72
1388,Tennessee,1979,1.14,0.11,0.73
1389,Tennessee,1980,1.1,0.12,0.69
1390,Tennessee,1981,1.14,0.13,0.72
1391,Tennessee,1982,1.13,0.14,0.7
1392,Tennessee,1983,1.1,0.14,0.69
1393,Tennessee,1984,1.11,0.15,0.7
1394,Tennessee,1985,1.11,0.16,0.67
1395,Tennessee,1986,1.17,0.16,0.63
1396,Tennessee,1987,1.17,0.15,0.62
1397,Tennessee,1988,1.2,0.14,0.6
1398,Tennessee,1989,1.18,0.14,0.59
1399,Tennessee,1990,1.22,0.14,0.6
1400,Tennessee,1991,1.19,0.13,0.54
1401,Tennessee,1992,1.21,0.14,0.56
1402,Tennessee,1993,1.2,0.14,0.54
1403,Tennessee,1994,1.18,0.15,0.53
1404,Tennessee,1995,1.18,0.15,0.52
1405,Tennessee,1996,1.18,0.15,0.51
1406,Tennessee,1997,1.16,0.16,0.5
1407,Tennessee,1998,1.19,0.15,0.5
1408,Tennessee,1999,1.21,0.15,0.49
1409,Tennessee,2000,1.21,0.15,0.5
1410,Tennessee,2001,1.13,0.16,0.5
1411,Tennessee,2002,1.17,0.17,0.51
1412,Tennessee,2003,1.26,0.18,0.52
1413,Tennessee,2004,1.21,0.18,0.53
1414,Tennessee,2005,1.19,0.19,0.55
1415,Tennessee,2006,1.14,0.19,0.56
1416,Tennessee,2007,1.13,0.2,0.56
1417,Tennessee,2008,1.1,0.2,0.57
1418,Tennessee,2009,1.05,0.21,0.57
1419,Texas,1977,1.63,0.14,0.81
1420,Texas,1978,1.7,0.14,0.84
1421,Texas,1979,1.76,0.14,0.87
1422,Texas,1980,1.77,0.22,0.81
1423,Texas,1981,1.84,0.24,0.85
1424,Texas,1982,1.83,0.18,0.84
1425,Texas,1983,1.73,0.27,0.79
1426,Texas,1984,1.74,0.28,0.79
1427,Texas,1985,1.68,0.3,0.73
1428,Texas,1986,1.67,0.31,0.65
1429,Texas,1987,1.61,0.29,0.61
1430,Texas,1988,1.61,0.28,0.59
1431,Texas,1989,1.62,0.26,0.58
1432,Texas,1990,1.64,0.26,0.58
1433,Texas,1991,1.6,0.25,0.55
1434,Texas,1992,1.65,0.24,0.55
1435,Texas,1993,1.6,0.2,0.53
1436,Texas,1994,1.6,0.2,0.51
1437,Texas,1995,1.55,0.19,0.49
1438,Texas,1996,1.56,0.22,0.49
1439,Texas,1997,1.54,0.2,0.47
1440,Texas,1998,1.53,0.23,0.49
1441,Texas,1999,1.54,0.2,0.49
1442,Texas,2000,1.53,0.22,0.5
1443,Texas,2001,1.51,0.21,0.49
1444,Texas,2002,1.5,0.22,0.5
1445,Texas,2003,1.46,0.23,0.51
1446,Texas,2004,1.45,0.24,0.52
1447,Texas,2005,1.42,0.25,0.53
1448,Texas,2006,1.43,0.26,0.55
1449,Texas,2007,1.41,0.27,0.56
1450,Texas,2008,1.44,0.27,0.58
1451,Texas,2009,1.42,0.28,0.58
1452,Utah,1977,0.97,0.14,0.59
1453,Utah,1978,0.96,0.15,0.61
1454,Utah,1979,0.97,0.16,0.62
1455,Utah,1980,0.96,0.14,0.6
1456,Utah,1981,1.01,0.15,0.58
1457,Utah,1982,1.01,0.15,0.55
1458,Utah,1983,0.88,0.14,0.5
1459,Utah,1984,0.88,0.14,0.52
1460,Utah,1985,0.9,0.15,0.53
1461,Utah,1986,0.89,0.17,0.52
1462,Utah,1987,0.84,0.15,0.5
1463,Utah,1988,0.83,0.14,0.49
1464,Utah,1989,0.82,0.13,0.47
1465,Utah,1990,0.8,0.12,0.46
1466,Utah,1991,0.8,0.12,0.43
1467,Utah,1992,0.79,0.12,0.42
1468,Utah,1993,0.78,0.11,0.39
1469,Utah,1994,0.76,0.09,0.38
1470,Utah,1995,0.75,0.09,0.37
1471,Utah,1996,0.77,0.1,0.37
1472,Utah,1997,0.76,0.1,0.39
1473,Utah,1998,0.73,0.1,0.37
1474,Utah,1999,0.79,0.1,0.38
1475,Utah,2000,0.77,0.11,0.4
1476,Utah,2001,0.76,0.14,0.39
1477,Utah,2002,0.78,0.14,0.39
1478,Utah,2003,0.77,0.15,0.39
1479,Utah,2004,0.75,0.15,0.39
1480,Utah,2005,0.69,0.16,0.41
1481,Utah,2006,0.71,0.16,0.43
1482,Utah,2007,0.75,0.16,0.43
1483,Utah,2008,0.75,0.17,0.46
1484,Utah,2009,0.7,0.17,0.46
1485,Vermont,1977,1.42,0.44,1.58
1486,Vermont,1978,1.53,0.47,1.59
1487,Vermont,1979,1.57,0.47,1.5
1488,Vermont,1980,1.43,0.48,1.39
1489,Vermont,1981,1.49,0.5,1.33
1490,Vermont,1982,1.49,0.5,1.25
1491,Vermont,1983,1.52,0.5,1.19
1492,Vermont,1984,1.48,0.49,1.15
1493,Vermont,1985,1.49,0.55,1.09
1494,Vermont,1986,1.55,0.59,1.04
1495,Vermont,1987,1.56,0.58,0.98
1496,Vermont,1988,1.51,0.56,0.93
1497,Vermont,1989,1.45,0.51,0.88
1498,Vermont,1990,1.47,0.48,0.85
1499,Vermont,1991,1.41,0.46,0.82
1500,Vermont,1992,1.35,0.44,0.78
1501,Vermont,1993,1.34,0.44,0.74
1502,Vermont,1994,1.34,0.42,0.74
1503,Vermont,1995,1.27,0.41,0.66
1504,Vermont,1996,1.29,0.46,0.64
1505,Vermont,1997,1.23,0.46,0.63
1506,Vermont,1998,1.25,0.47,0.62
1507,Vermont,1999,1.23,0.47,0.62
1508,Vermont,2000,1.23,0.47,0.63
1509,Vermont,2001,1.29,0.47,0.63
1510,Vermont,2002,1.32,0.49,0.63
1511,Vermont,2003,1.32,0.51,0.64
1512,Vermont,2004,1.32,0.54,0.66
1513,Vermont,2005,1.33,0.56,0.67
1514,Vermont,2006,1.35,0.58,0.69
1515,Vermont,2007,1.37,0.61,0.7
1516,Vermont,2008,1.37,0.62,0.71
1517,Vermont,2009,1.36,0.63,0.7
1518,Virginia,1977,1.19,0.21,0.9
1519,Virginia,1978,1.22,0.21,0.9
1520,Virginia,1979,1.23,0.25,0.92
1521,Virginia,1980,1.23,0.25,0.91
1522,Virginia,1981,1.23,0.27,0.89
1523,Virginia,1982,1.45,0.27,0.86
1524,Virginia,1983,1.47,0.27,0.82
1525,Virginia,1984,1.46,0.29,0.8
1526,Virginia,1985,1.46,0.3,0.79
1527,Virginia,1986,1.52,0.27,0.73
1528,Virginia,1987,1.4,0.26,0.71
1529,Virginia,1988,1.31,0.25,0.68
1530,Virginia,1989,1.23,0.31,0.65
1531,Virginia,1990,1.25,0.3,0.62
1532,Virginia,1991,1.2,0.28,0.58
1533,Virginia,1992,1.25,0.28,0.57
1534,Virginia,1993,1.24,0.27,0.54
1535,Virginia,1994,1.2,0.27,0.51
1536,Virginia,1995,1.15,0.29,0.49
1537,Virginia,1996,1.13,0.3,0.49
1538,Virginia,1997,1.13,0.29,0.48
1539,Virginia,1998,1.18,0.29,0.47
1540,Virginia,1999,1.18,0.32,0.47
1541,Virginia,2000,1.16,0.31,0.5
1542,Virginia,2001,1.15,0.32,0.5
1543,Virginia,2002,1.15,0.34,0.51
1544,Virginia,2003,1.14,0.36,0.53
1545,Virginia,2004,1.14,0.37,0.54
1546,Virginia,2005,1.13,0.38,0.55
1547,Virginia,2006,1.14,0.39,0.57
1548,Virginia,2007,1.13,0.41,0.58
1549,Virginia,2008,1.14,0.42,0.59
1550,Virginia,2009,1.11,0.43,0.59
1551,Washington,1977,1.36,0.45,1.08
1552,Washington,1978,1.39,0.48,1.09
1553,Washington,1979,1.41,0.48,1.1
1554,Washington,1980,1.52,0.52,1.08
1555,Washington,1981,1.38,0.54,1.05
1556,Washington,1982,1.33,0.53,0.99
1557,Washington,1983,1.29,0.54,0.94
1558,Washington,1984,1.24,0.57,0.91
1559,Washington,1985,1.22,0.59,0.87
1560,Washington,1986,1.23,0.61,0.82
1561,Washington,1987,1.23,0.56,0.79
1562,Washington,1988,1.22,0.5,0.77
1563,Washington,1989,1.24,0.47,0.75
1564,Washington,1990,1.27,0.46,0.76
1565,Washington,1991,1.23,0.43,0.73
1566,Washington,1992,1.26,0.46,0.72
1567,Washington,1993,1.19,0.39,0.69
1568,Washington,1994,1.18,0.39,0.65
1569,Washington,1995,1.14,0.4,0.63
1570,Washington,1996,1.13,0.4,0.63
1571,Washington,1997,1.11,0.42,0.63
1572,Washington,1998,1.12,0.43,0.63
1573,Washington,1999,1.1,0.4,0.63
1574,Washington,2000,1.09,0.41,0.66
1575,Washington,2001,1.08,0.4,0.65
1576,Washington,2002,1.08,0.42,0.65
1577,Washington,2003,1.05,0.46,0.67
1578,Washington,2004,1.04,0.46,0.69
1579,Washington,2005,1.1,0.55,0.68
1580,Washington,2006,1.05,0.48,0.71
1581,Washington,2007,1.11,0.5,0.74
1582,Washington,2008,1.09,0.5,0.76
1583,Washington,2009,1.09,0.51,0.74
1584,West Virginia,1977,0.98,0.09,0.78
1585,West Virginia,1978,0.96,0.09,0.79
1586,West Virginia,1979,0.97,0.09,0.77
1587,West Virginia,1980,1.0,0.09,0.72
1588,West Virginia,1981,1.06,0.14,0.66
1589,West Virginia,1982,1.11,0.14,0.55
1590,West Virginia,1983,1.13,0.13,0.48
1591,West Virginia,1984,1.12,0.12,0.44
1592,West Virginia,1985,1.11,0.13,0.42
1593,West Virginia,1986,1.1,0.13,0.41
1594,West Virginia,1987,1.11,0.13,0.41
1595,West Virginia,1988,1.12,0.12,0.4
1596,West Virginia,1989,1.12,0.11,0.38
1597,West Virginia,1990,1.2,0.1,0.42
1598,West Virginia,1991,1.18,0.09,0.43
1599,West Virginia,1992,1.16,0.09,0.41
1600,West Virginia,1993,1.18,0.08,0.4
1601,West Virginia,1994,1.17,0.08,0.39
1602,West Virginia,1995,1.14,0.09,0.38
1603,West Virginia,1996,1.14,0.1,0.37
1604,West Virginia,1997,1.14,0.1,0.37
1605,West Virginia,1998,1.17,0.1,0.36
1606,West Virginia,1999,1.18,0.1,0.37
1607,West Virginia,2000,1.18,0.1,0.35
1608,West Virginia,2001,1.23,0.1,0.37
1609,West Virginia,2002,1.26,0.1,0.38
1610,West Virginia,2003,1.23,0.1,0.38
1611,West Virginia,2004,1.25,0.1,0.39
1612,West Virginia,2005,1.23,0.1,0.4
1613,West Virginia,2006,1.22,0.1,0.42
1614,West Virginia,2007,1.24,0.1,0.42
1615,West Virginia,2008,1.26,0.1,0.44
1616,West Virginia,2009,1.24,0.1,0.45
1617,Wisconsin,1977,1.78,0.27,1.26
1618,Wisconsin,1978,1.8,0.28,1.18
1619,Wisconsin,1979,1.88,0.28,1.17
1620,Wisconsin,1980,1.96,0.31,1.2
1621,Wisconsin,1981,1.95,0.31,1.2
1622,Wisconsin,1982,1.93,0.3,1.04
1623,Wisconsin,1983,1.93,0.33,1.07
1624,Wisconsin,1984,1.86,0.3,1.03
1625,Wisconsin,1985,1.82,0.32,1.05
1626,Wisconsin,1986,1.87,0.34,0.95
1627,Wisconsin,1987,1.78,0.36,0.97
1628,Wisconsin,1988,1.75,0.33,0.95
1629,Wisconsin,1989,1.71,0.31,0.95
1630,Wisconsin,1990,1.74,0.31,1.03
1631,Wisconsin,1991,1.65,0.27,0.84
1632,Wisconsin,1992,1.59,0.25,0.9
1633,Wisconsin,1993,1.59,0.22,0.89
1634,Wisconsin,1994,1.58,0.22,0.91
1635,Wisconsin,1995,1.55,0.23,0.87
1636,Wisconsin,1996,1.53,0.24,0.88
1637,Wisconsin,1997,1.57,0.25,0.89
1638,Wisconsin,1998,1.61,0.26,0.79
1639,Wisconsin,1999,1.53,0.26,0.92
1640,Wisconsin,2000,1.54,0.27,0.95
1641,Wisconsin,2001,1.53,0.26,0.95
1642,Wisconsin,2002,1.56,0.28,0.98
1643,Wisconsin,2003,1.52,0.29,1.0
1644,Wisconsin,2004,1.52,0.3,1.01
1645,Wisconsin,2005,1.55,0.31,1.07
1646,Wisconsin,2006,1.56,0.32,1.09
1647,Wisconsin,2007,1.54,0.33,1.11
1648,Wisconsin,2008,1.53,0.34,1.12
1649,Wisconsin,2009,1.49,0.31,1.16
1650,Wyoming,1977,1.79,0.21,1.32
1651,Wyoming,1978,1.82,0.22,1.36
1652,Wyoming,1979,1.86,0.22,1.3
1653,Wyoming,1980,1.85,0.24,1.32
1654,Wyoming,1981,1.91,0.24,1.27
1655,Wyoming,1982,1.8,0.24,1.21
1656,Wyoming,1983,1.66,0.22,1.09
1657,Wyoming,1984,1.58,0.22,1.05
1658,Wyoming,1985,1.56,0.25,1.03
1659,Wyoming,1986,1.46,0.26,0.92
1660,Wyoming,1987,1.46,0.24,0.86
1661,Wyoming,1988,1.39,0.23,0.83
1662,Wyoming,1989,1.35,0.22,0.82
1663,Wyoming,1990,1.48,0.22,0.93
1664,Wyoming,1991,1.45,0.2,0.9
1665,Wyoming,1992,1.44,0.2,0.91
1666,Wyoming,1993,1.4,0.19,0.86
1667,Wyoming,1994,1.42,0.18,0.83
1668,Wyoming,1995,1.34,0.16,0.8
1669,Wyoming,1996,1.37,0.16,0.81
1670,Wyoming,1997,1.36,0.17,0.81
1671,Wyoming,1998,1.38,0.2,0.81
1672,Wyoming,1999,1.41,0.18,0.84
1673,Wyoming,2000,1.42,0.18,0.86
1674,Wyoming,2001,1.43,0.22,0.88
1675,Wyoming,2002,1.46,0.22,0.88
1676,Wyoming,2003,1.69,0.23,0.9
1677,Wyoming,2004,1.41,0.22,0.92
1678,Wyoming,2005,1.21,0.23,0.97
1679,Wyoming,2006,1.47,0.23,1.05
1680,Wyoming,2007,1.49,0.23,1.1
1681,Wyoming,2008,1.54,0.23,1.12
1682,Wyoming,2009,1.45,0.22,1.1
